{"version":"1.0","sourceVrmMetaVersion":"1","pose":{"spine":{"rotation":[0.0014738763266143962,0.0007508040248302416,0.03396559258510643,0.9994216339975]},"chest":{"rotation":[0.08817276826202494,-0.060915557084606026,0.0913551195770755,0.9900348983592152]},"upperChest":{"rotation":[0.005843233536127415,0.0070822832430385355,0.044920662952455725,0.9989483629927123]},"neck":{"rotation":[0.06783577847082949,-0.012876479508841628,-0.18604338050835834,0.9801124241655838]},"head":{"rotation":[-0.060750939189686486,0.06276049603396562,0.003827415918860413,0.996170564919746]},"leftUpperLeg":{"rotation":[0,0,0.12388908011855002,0.9922960726655023]},"leftLowerLeg":{"rotation":[0,0,-0.20337773083195282,0.9791003516502513]},"leftFoot":{"rotation":[-0.009279771122733562,0.1384519238643432,0.06622820539396541,0.9881086860444385]},"rightUpperLeg":{"rotation":[-0.5900446694275808,-0.35325940471290496,-0.361955409945302,0.6293197615467905]},"rightLowerLeg":{"rotation":[0.8278083048877181,-0.062087546105081576,-0.044014975035464754,0.5558248185806383]},"rightFoot":{"rotation":[0,0.02167680884174715,0,0.9997650303738566]},"leftUpperArm":{"rotation":[-0.04901224339653498,0.02868534348785472,-0.03268894788540797,0.9978508825232194]},"leftLowerArm":{"rotation":[0.249653202024553,-0.011504459650589341,-0.6155494411773945,0.7474221107200624]},"rightUpperArm":{"rotation":[-0.6846084061887993,-0.17521751123710644,0.3769406845101338,0.5987703017790197]},"rightLowerArm":{"rotation":[0,0.7657045213354106,0,0.6431924952970999]},"leftThumbProximal":{"rotation":[-0.0005377596210722826,0.48558356561470334,-0.20424565323998312,0.8499953086647442]},"leftThumbDistal":{"rotation":[-0.02023208481263613,0.386705459626551,-0.03726142214716145,0.9212280589836174]},"leftIndexProximal":{"rotation":[-0.09784843209503097,-0.1818394337925277,-0.6326352404364363,0.7464132616804781]},"leftIndexIntermediate":{"rotation":[-0.005907997028871556,-0.1859557388183181,0.6679365622439042,-0.7205874739332038]},"leftMiddleProximal":{"rotation":[0.06702788198199942,0.023210693125105375,0.6663603777164069,-0.7422481887962455]},"leftMiddleIntermediate":{"rotation":[0,0,-0.7227076630306335,0.6911538423511804]},"leftMiddleDistal":{"rotation":[0,0,-0.2024630307138613,0.9792899066130305]},"leftRingProximal":{"rotation":[-0.14869373342823086,0.0027326836786787725,-0.663144089146127,0.7335684174701363]},"leftRingIntermediate":{"rotation":[0,0,-0.7369721609912437,0.6759230976404761]},"leftLittleProximal":{"rotation":[-0.0295363114023413,-0.28108745298398585,-0.5656859416809445,0.7746721019039363]},"leftLittleIntermediate":{"rotation":[-0.2888658897749304,0.07104478770564658,-0.5346177285368306,0.7910075980662368]},"leftLittleDistal":{"rotation":[0,0,-0.4759006814313331,0.8794990286596074]},"rightMiddleProximal":{"rotation":[-0.017470965762813446,0.01941454724387189,0.5723761689290005,0.8195751106230535]},"rightMiddleIntermediate":{"rotation":[0,0,0.7042049080321098,0.7099967940093025]},"rightMiddleDistal":{"rotation":[-0.0012110587333675692,-0.030450717704024743,0.4748782026746756,0.8795237232460098]},"rightRingProximal":{"rotation":[-0.053231338098549644,-0.020085500123563235,0.6277529981277582,0.7763305807905773]},"rightRingIntermediate":{"rotation":[0,0,0.6583444799151582,0.752716776593454]},"rightRingDistal":{"rotation":[0,0,0.3351012313124923,0.9421821293003023]},"rightLittleProximal":{"rotation":[0,0,0.6688715228830577,0.7433780235358718]},"rightLittleIntermediate":{"rotation":[-0.08679978110471885,0.019986530418061064,0.6656883387784819,0.7408949805582206]},"rightLittleDistal":{"rotation":[-0.033339470185748565,0.13001250294668554,0.24614827479950463,0.9598938772689922]}}}