{"version":"1.0","sourceVrmMetaVersion":"1","pose":{"leftShoulder":{"rotation":[-0.028043446497715382,0.08111374625639217,0.32554709429934,0.9416226498284969]},"leftUpperArm":{"rotation":[-0.35598414163887987,-0.08076303794587732,-0.7895823478275233,0.4932670053860878]},"leftLowerArm":{"rotation":[0,-0.3874771200305667,0,0.9218793204388619]},"rightShoulder":{"rotation":[0.048041335048720324,0.3704819097383241,-0.1192850936110109,0.9198946956720607]},"rightUpperArm":{"rotation":[0.08541119676240763,-0.36089295634953455,0.6916248748859887,0.6197711141734881]},"rightLowerArm":{"rotation":[0,0.5206432735390492,0,0.8537743154479074]},"leftThumbProximal":{"rotation":[0.07684492674754476,-0.16069971042240602,0.24120866821198692,0.9539857644025507]},"leftThumbDistal":{"rotation":[0,0,-0.046194467709013615,0.9989324657618657]},"leftIndexProximal":{"rotation":[-0.022627600384953032,0.02774181645006319,-0.6316564670156178,0.7744213911032014]},"leftIndexIntermediate":{"rotation":[-0.0013545791858453268,0.07730611061232126,-0.8153226393409071,0.573821334698704]},"leftIndexDistal":{"rotation":[0,0,-0.906871130231523,0.4214080601419484]},"leftMiddleProximal":{"rotation":[0.006687762398494885,-0.014078934290860936,-0.6506384007797485,0.7592277187208764]},"leftMiddleIntermediate":{"rotation":[0,0,-0.8392300561875334,0.5437765283565204]},"leftMiddleDistal":{"rotation":[0,0,-0.8434973798106155,0.5371332890937093]},"leftRingProximal":{"rotation":[0,0,-0.6306604705396788,0.7760588707686235]},"leftRingIntermediate":{"rotation":[-0.010167546601774713,-0.015705104690780482,-0.8392910735677303,0.5433603449942582]},"leftRingDistal":{"rotation":[0,0,-0.8625864527445647,0.5059096871394626]},"leftLittleProximal":{"rotation":[0,0,-0.5595873536923089,0.8287713759461284]},"leftLittleIntermediate":{"rotation":[0,0,-0.8512113282374607,0.5248230889358984]},"leftLittleDistal":{"rotation":[0,0,-0.9224154305171247,0.38619913716100857]}}}