{"version":"1.0","sourceVrmMetaVersion":"1","pose":{"leftShoulder":{"rotation":[0.009528131309927494,-0.06506326685213433,0.14458498869745948,0.9873050020452769]},"leftUpperArm":{"rotation":[-0.44804617803518365,-0.06973810085666607,-0.03961132548009009,0.8904056168571043]},"leftLowerArm":{"rotation":[0,-0.7752188478387588,0,0.631692755978369]},"rightShoulder":{"rotation":[0.048041335048720324,0.3704819097383241,-0.1192850936110109,0.9198946956720607]},"rightUpperArm":{"rotation":[0.08541119676240763,-0.36089295634953455,0.6916248748859887,0.6197711141734881]},"rightLowerArm":{"rotation":[0,0.5206432735390492,0,0.8537743154479074]}}}